<?xml version="1.0" encoding="UTF-8" standalone="yes"?>
<addon id="ErnesTuga.repository" name="ErnesTuga repository" version="0.0.2" provider-name="ErnestoLopes">
	<extension point="xbmc.addon.repository" name="ErnesTuga Add-on Repository">
		<info compressed="false">http://raw.github.com/ErnestoLopes/ErnesTuga.repository/master/addons.xml</info>
		<checksum>http://raw.github.com/ErnestoLopes/ErnesTuga.repository/master/addons.xml.md5</checksum>
		<datadir zip="true">http://raw.github.com/ErnestoLopes/ErnesTuga.repository/master/repo/</datadir>
	</extension>
	<extension point="xbmc.addon.metadata">
		<summary>ErnesTuga Addon</summary>
		<description>Addon Description</description>
		<disclaimer></disclaimer>
		<platform>all</platform>
	</extension>
</addon>